time,temperature_2m_min,temperature_2m_max,precipitation_sum,ville,source
2023-01-01,5.5,12.0,6.3,New York,open-meteo
2023-01-02,4.6,12.9,0.2,New York,open-meteo
2023-01-03,6.4,12.9,9.6,New York,open-meteo
2023-01-04,10.1,18.1,1.3,New York,open-meteo
2023-01-05,7.9,13.2,1.2,New York,open-meteo
2023-01-06,5.0,8.8,9.6,New York,open-meteo
2023-01-07,0.6,8.3,0.0,New York,open-meteo
2023-01-08,-2.2,4.3,0.0,New York,open-meteo
2023-01-09,1.0,7.3,1.5,New York,open-meteo
2023-01-10,0.2,6.4,0.0,New York,open-meteo
2023-01-11,-1.1,4.0,0.0,New York,open-meteo
2023-01-12,-0.5,9.7,4.1,New York,open-meteo
2023-01-13,4.5,12.8,9.4,New York,open-meteo
2023-01-14,0.6,4.0,0.0,New York,open-meteo
2023-01-15,-1.6,5.2,0.0,New York,open-meteo
2023-01-16,-2.3,8.3,0.0,New York,open-meteo
2023-01-17,-1.9,7.5,1.4,New York,open-meteo
2023-01-18,3.0,10.9,1.7,New York,open-meteo
2023-01-19,2.5,6.4,12.7,New York,open-meteo
2023-01-20,1.9,9.1,11.4,New York,open-meteo
2023-01-21,0.2,6.2,0.2,New York,open-meteo
2023-01-22,-3.3,5.7,0.1,New York,open-meteo
2023-01-23,1.9,3.1,22.2,New York,open-meteo
2023-01-24,-1.0,7.8,0.0,New York,open-meteo
2023-01-25,-2.3,6.1,4.5,New York,open-meteo
2023-01-26,5.4,12.0,30.0,New York,open-meteo
2023-01-27,-1.5,6.2,0.0,New York,open-meteo
2023-01-28,-0.7,11.0,0.0,New York,open-meteo
2023-01-29,0.2,10.6,0.0,New York,open-meteo
2023-01-30,2.5,11.8,0.0,New York,open-meteo
2023-01-31,1.6,6.6,2.5,New York,open-meteo
2023-02-01,-3.2,3.3,1.6,New York,open-meteo
2023-02-02,-4.3,4.2,0.0,New York,open-meteo
2023-02-03,-8.8,1.0,0.0,New York,open-meteo
2023-02-04,-16.4,-3.8,0.0,New York,open-meteo
2023-02-05,-4.8,9.2,0.0,New York,open-meteo
2023-02-06,-0.9,10.3,0.0,New York,open-meteo
2023-02-07,-4.0,3.8,0.0,New York,open-meteo
2023-02-08,1.4,10.5,3.3,New York,open-meteo
2023-02-09,-1.7,10.1,0.0,New York,open-meteo
2023-02-10,7.8,14.2,0.0,New York,open-meteo
2023-02-11,0.5,6.8,0.0,New York,open-meteo
2023-02-12,-0.5,6.9,0.0,New York,open-meteo
2023-02-13,2.6,13.4,2.6,New York,open-meteo
2023-02-14,2.6,11.5,0.0,New York,open-meteo
2023-02-15,3.1,17.1,0.0,New York,open-meteo
2023-02-16,9.3,19.3,2.9,New York,open-meteo
2023-02-17,4.3,15.5,8.1,New York,open-meteo
2023-02-18,-2.6,5.8,0.0,New York,open-meteo
2023-02-19,-0.3,8.2,0.0,New York,open-meteo
2023-02-20,5.6,15.4,0.0,New York,open-meteo
2023-02-21,2.3,10.5,7.1,New York,open-meteo
2023-02-22,-0.7,5.7,3.7,New York,open-meteo
2023-02-23,2.3,7.8,1.3,New York,open-meteo
2023-02-24,0.7,7.5,0.0,New York,open-meteo
2023-02-25,-5.5,0.5,0.7,New York,open-meteo
2023-02-26,-3.7,10.3,0.0,New York,open-meteo
2023-02-27,-2.1,5.0,0.0,New York,open-meteo
2023-02-28,0.1,2.2,16.9,New York,open-meteo
2023-03-01,-2.4,5.9,3.2,New York,open-meteo
2023-03-02,2.3,13.8,1.7,New York,open-meteo
2023-03-03,-1.5,7.6,0.1,New York,open-meteo
2023-03-04,3.3,7.2,44.5,New York,open-meteo
2023-03-05,-0.3,12.3,0.0,New York,open-meteo
2023-03-06,1.5,10.3,0.0,New York,open-meteo
2023-03-07,1.6,7.5,2.7,New York,open-meteo
2023-03-08,-2.0,9.5,0.0,New York,open-meteo
2023-03-09,-0.4,10.5,0.0,New York,open-meteo
2023-03-10,-1.2,7.5,0.3,New York,open-meteo
2023-03-11,1.8,7.1,20.1,New York,open-meteo
2023-03-12,-1.0,7.9,0.0,New York,open-meteo
2023-03-13,3.7,6.0,10.4,New York,open-meteo
2023-03-14,1.7,4.7,18.2,New York,open-meteo
2023-03-15,0.9,7.1,0.3,New York,open-meteo
2023-03-16,-1.2,13.5,0.0,New York,open-meteo
2023-03-17,2.6,14.4,0.0,New York,open-meteo
2023-03-18,4.1,11.1,0.7,New York,open-meteo
2023-03-19,-2.7,6.6,0.0,New York,open-meteo
2023-03-20,-3.2,10.8,0.0,New York,open-meteo
2023-03-21,-0.9,15.9,0.0,New York,open-meteo
2023-03-22,2.4,13.4,0.0,New York,open-meteo
2023-03-23,5.3,15.0,2.8,New York,open-meteo
2023-03-24,5.9,14.6,0.2,New York,open-meteo
2023-03-25,3.0,7.7,11.5,New York,open-meteo
2023-03-26,3.3,15.1,0.0,New York,open-meteo
2023-03-27,2.6,14.9,1.3,New York,open-meteo
2023-03-28,3.2,11.3,1.9,New York,open-meteo
2023-03-29,0.0,11.1,0.0,New York,open-meteo
2023-03-30,-1.4,7.6,0.1,New York,open-meteo
2023-03-31,-0.7,10.1,0.0,New York,open-meteo
2023-04-01,7.8,19.8,8.0,New York,open-meteo
2023-04-02,3.9,14.4,2.1,New York,open-meteo
2023-04-03,-0.1,13.5,0.0,New York,open-meteo
2023-04-04,6.0,18.8,0.0,New York,open-meteo
2023-04-05,10.0,16.3,0.4,New York,open-meteo
2023-04-06,9.4,26.6,0.4,New York,open-meteo
2023-04-07,9.4,17.8,2.9,New York,open-meteo
2023-04-08,1.8,10.5,0.0,New York,open-meteo
2023-04-09,1.3,11.8,0.0,New York,open-meteo
2023-04-10,2.3,17.9,0.0,New York,open-meteo
2023-04-11,6.5,23.1,0.0,New York,open-meteo
2023-04-12,15.6,27.6,0.0,New York,open-meteo
2023-04-13,12.0,31.2,0.0,New York,open-meteo
2023-04-14,13.9,29.7,0.0,New York,open-meteo
2023-04-15,15.0,23.0,0.7,New York,open-meteo
2023-04-16,13.3,21.0,4.3,New York,open-meteo
2023-04-17,11.7,20.1,3.1,New York,open-meteo
2023-04-18,8.8,15.1,0.1,New York,open-meteo
2023-04-19,4.4,17.6,0.0,New York,open-meteo
2023-04-20,5.9,16.0,0.0,New York,open-meteo
2023-04-21,8.2,19.1,0.0,New York,open-meteo
2023-04-22,10.0,19.8,7.4,New York,open-meteo
2023-04-23,12.6,19.3,26.7,New York,open-meteo
2023-04-24,6.4,16.3,0.0,New York,open-meteo
2023-04-25,5.6,15.3,0.3,New York,open-meteo
2023-04-26,6.2,14.0,0.9,New York,open-meteo
2023-04-27,7.4,13.6,0.7,New York,open-meteo
2023-04-28,6.9,13.1,1.0,New York,open-meteo
2023-04-29,8.8,12.3,63.3,New York,open-meteo
2023-04-30,10.6,15.0,17.7,New York,open-meteo
2023-05-01,7.6,15.8,7.6,New York,open-meteo
2023-05-02,8.5,13.5,0.8,New York,open-meteo
2023-05-03,5.8,12.6,0.6,New York,open-meteo
2023-05-04,6.4,14.5,0.7,New York,open-meteo
2023-05-05,7.0,17.2,4.6,New York,open-meteo
2023-05-06,6.7,21.1,0.0,New York,open-meteo
2023-05-07,9.4,23.9,0.0,New York,open-meteo
2023-05-08,12.9,23.8,0.0,New York,open-meteo
2023-05-09,10.6,19.4,0.0,New York,open-meteo
2023-05-10,7.2,21.3,0.0,New York,open-meteo
2023-05-11,9.6,25.5,0.0,New York,open-meteo
2023-05-12,13.1,29.6,0.0,New York,open-meteo
2023-05-13,17.7,27.5,0.0,New York,open-meteo
2023-05-14,12.7,23.0,0.0,New York,open-meteo
2023-05-15,9.8,25.4,0.0,New York,open-meteo
2023-05-16,12.9,27.8,0.0,New York,open-meteo
2023-05-17,11.5,21.9,0.0,New York,open-meteo
2023-05-18,6.9,14.3,0.0,New York,open-meteo
2023-05-19,10.6,19.6,0.0,New York,open-meteo
2023-05-20,13.6,17.5,26.6,New York,open-meteo
2023-05-21,13.1,21.9,0.9,New York,open-meteo
2023-05-22,12.4,23.1,0.2,New York,open-meteo
2023-05-23,11.2,19.5,0.0,New York,open-meteo
2023-05-24,10.0,22.0,0.0,New York,open-meteo
2023-05-25,10.2,19.3,0.7,New York,open-meteo
2023-05-26,10.1,22.3,0.0,New York,open-meteo
2023-05-27,10.0,24.4,0.0,New York,open-meteo
2023-05-28,11.7,23.7,0.0,New York,open-meteo
2023-05-29,13.9,24.8,0.0,New York,open-meteo
2023-05-30,11.8,20.4,0.0,New York,open-meteo
2023-05-31,10.8,22.7,0.0,New York,open-meteo
2023-06-01,12.4,27.5,0.0,New York,open-meteo
2023-06-02,15.2,30.8,0.0,New York,open-meteo
2023-06-03,17.9,22.4,3.5,New York,open-meteo
2023-06-04,10.5,21.5,0.1,New York,open-meteo
2023-06-05,11.6,24.1,0.0,New York,open-meteo
2023-06-06,14.7,25.9,0.2,New York,open-meteo
2023-06-07,13.3,25.2,0.0,New York,open-meteo
2023-06-08,10.8,22.5,0.0,New York,open-meteo
2023-06-09,11.8,22.9,0.2,New York,open-meteo
2023-06-10,12.4,26.4,0.7,New York,open-meteo
2023-06-11,16.5,27.2,0.2,New York,open-meteo
2023-06-12,19.6,24.1,2.2,New York,open-meteo
2023-06-13,16.2,26.5,6.3,New York,open-meteo
2023-06-14,14.9,24.8,9.5,New York,open-meteo
2023-06-15,15.1,26.3,0.0,New York,open-meteo
2023-06-16,15.2,25.9,4.6,New York,open-meteo
2023-06-17,14.9,25.5,6.3,New York,open-meteo
2023-06-18,15.8,26.6,0.0,New York,open-meteo
2023-06-19,16.4,25.3,1.4,New York,open-meteo
2023-06-20,16.5,23.6,0.0,New York,open-meteo
2023-06-21,15.6,23.0,0.0,New York,open-meteo
2023-06-22,15.5,20.4,0.6,New York,open-meteo
2023-06-23,17.1,23.0,8.2,New York,open-meteo
2023-06-24,19.3,25.8,25.4,New York,open-meteo
2023-06-25,18.7,28.6,1.5,New York,open-meteo
2023-06-26,19.2,25.6,4.3,New York,open-meteo
2023-06-27,19.5,26.4,17.8,New York,open-meteo
2023-06-28,19.0,28.7,3.7,New York,open-meteo
2023-06-29,16.3,28.7,0.0,New York,open-meteo
2023-06-30,17.2,29.3,0.0,New York,open-meteo
2023-07-01,17.8,27.0,0.0,New York,open-meteo
2023-07-02,20.4,31.3,14.5,New York,open-meteo
2023-07-03,22.4,31.2,15.6,New York,open-meteo
2023-07-04,21.4,29.5,9.2,New York,open-meteo
2023-07-05,21.1,32.4,0.0,New York,open-meteo
2023-07-06,21.6,31.4,0.0,New York,open-meteo
2023-07-07,21.9,29.8,0.5,New York,open-meteo
2023-07-08,23.0,29.7,3.2,New York,open-meteo
2023-07-09,21.6,27.0,16.6,New York,open-meteo
2023-07-10,21.7,28.8,4.5,New York,open-meteo
2023-07-11,17.2,31.8,0.0,New York,open-meteo
2023-07-12,19.7,33.1,0.0,New York,open-meteo
2023-07-13,21.4,32.0,0.2,New York,open-meteo
2023-07-14,21.4,28.3,3.7,New York,open-meteo
2023-07-15,20.5,29.6,40.5,New York,open-meteo
2023-07-16,21.9,26.1,40.8,New York,open-meteo
2023-07-17,20.1,31.9,1.1,New York,open-meteo
2023-07-18,21.5,29.7,8.3,New York,open-meteo
2023-07-19,18.9,27.6,3.8,New York,open-meteo
2023-07-20,20.1,28.6,0.5,New York,open-meteo
2023-07-21,21.9,29.6,3.5,New York,open-meteo
2023-07-22,18.6,28.5,0.0,New York,open-meteo
2023-07-23,17.4,30.2,0.5,New York,open-meteo
2023-07-24,18.7,28.8,0.0,New York,open-meteo
2023-07-25,19.3,28.8,10.9,New York,open-meteo
2023-07-26,17.2,30.2,0.4,New York,open-meteo
2023-07-27,22.4,34.0,0.7,New York,open-meteo
2023-07-28,21.5,34.3,0.0,New York,open-meteo
2023-07-29,24.7,34.0,2.3,New York,open-meteo
2023-07-30,17.8,29.1,2.0,New York,open-meteo
2023-07-31,15.6,29.6,0.0,New York,open-meteo
2023-08-01,17.1,27.1,0.0,New York,open-meteo
2023-08-02,14.6,27.8,0.0,New York,open-meteo
2023-08-03,15.7,26.4,0.9,New York,open-meteo
2023-08-04,18.5,27.6,0.9,New York,open-meteo
2023-08-05,18.4,30.8,0.2,New York,open-meteo
2023-08-06,18.2,30.0,0.0,New York,open-meteo
2023-08-07,22.1,27.8,22.9,New York,open-meteo
2023-08-08,21.7,27.2,30.2,New York,open-meteo
2023-08-09,19.8,29.6,0.1,New York,open-meteo
2023-08-10,18.9,25.6,11.9,New York,open-meteo
2023-08-11,18.2,29.3,0.1,New York,open-meteo
2023-08-12,17.2,28.2,6.5,New York,open-meteo
2023-08-13,21.6,30.8,5.0,New York,open-meteo
2023-08-14,18.8,31.0,1.3,New York,open-meteo
2023-08-15,21.3,27.1,19.6,New York,open-meteo
2023-08-16,20.9,26.7,4.6,New York,open-meteo
2023-08-17,20.4,25.8,5.9,New York,open-meteo
2023-08-18,21.8,27.0,3.2,New York,open-meteo
2023-08-19,15.5,26.5,0.0,New York,open-meteo
2023-08-20,15.3,30.0,0.0,New York,open-meteo
2023-08-21,18.5,31.2,0.1,New York,open-meteo
2023-08-22,18.0,26.2,0.0,New York,open-meteo
2023-08-23,16.1,25.6,0.0,New York,open-meteo
2023-08-24,19.6,24.5,1.9,New York,open-meteo
2023-08-25,19.8,28.1,9.4,New York,open-meteo
2023-08-26,20.0,30.3,2.2,New York,open-meteo
2023-08-27,18.5,28.4,0.7,New York,open-meteo
2023-08-28,19.0,25.1,1.1,New York,open-meteo
2023-08-29,17.8,27.7,1.6,New York,open-meteo
2023-08-30,21.6,29.7,0.7,New York,open-meteo
2023-08-31,17.2,25.2,0.0,New York,open-meteo
2023-09-01,13.8,24.5,0.0,New York,open-meteo
2023-09-02,13.0,27.0,0.0,New York,open-meteo
2023-09-03,18.1,32.4,0.3,New York,open-meteo
2023-09-04,19.9,33.9,0.0,New York,open-meteo
2023-09-05,22.2,35.4,1.2,New York,open-meteo
2023-09-06,23.0,36.0,0.0,New York,open-meteo
2023-09-07,21.6,35.3,0.0,New York,open-meteo
2023-09-08,20.5,31.8,8.9,New York,open-meteo
2023-09-09,20.8,29.3,11.8,New York,open-meteo
2023-09-10,19.7,24.6,9.4,New York,open-meteo
2023-09-11,20.0,27.7,16.7,New York,open-meteo
2023-09-12,19.2,29.0,0.9,New York,open-meteo
2023-09-13,20.6,26.7,17.0,New York,open-meteo
2023-09-14,17.1,25.1,0.1,New York,open-meteo
2023-09-15,13.7,21.5,0.0,New York,open-meteo
2023-09-16,15.3,24.5,0.0,New York,open-meteo
2023-09-17,11.9,24.3,0.0,New York,open-meteo
2023-09-18,18.2,21.6,14.3,New York,open-meteo
2023-09-19,13.5,23.5,0.1,New York,open-meteo
2023-09-20,11.8,23.6,0.0,New York,open-meteo
2023-09-21,11.6,22.9,0.0,New York,open-meteo
2023-09-22,13.1,22.5,0.0,New York,open-meteo
2023-09-23,13.7,16.9,42.1,New York,open-meteo
2023-09-24,15.3,19.9,15.7,New York,open-meteo
2023-09-25,15.8,17.4,19.2,New York,open-meteo
2023-09-26,13.7,17.1,8.6,New York,open-meteo
2023-09-27,9.4,17.8,0.0,New York,open-meteo
2023-09-28,10.8,18.8,0.1,New York,open-meteo
2023-09-29,13.3,17.2,69.1,New York,open-meteo
2023-09-30,13.1,21.8,1.8,New York,open-meteo
2023-10-01,14.2,25.1,0.0,New York,open-meteo
2023-10-02,15.9,25.5,0.0,New York,open-meteo
2023-10-03,13.2,27.5,0.0,New York,open-meteo
2023-10-04,14.9,27.9,0.0,New York,open-meteo
2023-10-05,13.1,24.1,0.0,New York,open-meteo
2023-10-06,17.6,22.5,1.5,New York,open-meteo
2023-10-07,14.5,20.7,61.5,New York,open-meteo
2023-10-08,9.5,17.0,0.0,New York,open-meteo
2023-10-09,7.4,15.7,0.1,New York,open-meteo
2023-10-10,7.9,18.1,0.0,New York,open-meteo
2023-10-11,8.2,20.8,0.0,New York,open-meteo
2023-10-12,7.3,21.1,0.0,New York,open-meteo
2023-10-13,8.8,17.7,0.0,New York,open-meteo
2023-10-14,9.5,12.5,13.1,New York,open-meteo
2023-10-15,9.8,16.7,3.2,New York,open-meteo
2023-10-16,7.1,17.8,0.2,New York,open-meteo
2023-10-17,8.3,16.9,0.6,New York,open-meteo
2023-10-18,6.9,17.3,0.3,New York,open-meteo
2023-10-19,7.3,18.1,0.0,New York,open-meteo
2023-10-20,12.9,17.4,25.0,New York,open-meteo
2023-10-21,14.0,17.8,8.1,New York,open-meteo
2023-10-22,9.8,14.1,0.0,New York,open-meteo
2023-10-23,7.8,16.2,0.0,New York,open-meteo
2023-10-24,4.4,17.8,0.0,New York,open-meteo
2023-10-25,7.8,22.1,0.0,New York,open-meteo
2023-10-26,9.4,26.0,0.0,New York,open-meteo
2023-10-27,12.5,24.7,0.0,New York,open-meteo
2023-10-28,16.4,27.1,0.0,New York,open-meteo
2023-10-29,11.6,20.9,6.3,New York,open-meteo
2023-10-30,10.7,19.2,2.6,New York,open-meteo
2023-10-31,6.8,11.9,0.0,New York,open-meteo
2023-11-01,5.1,9.8,3.7,New York,open-meteo
2023-11-02,-0.2,9.8,0.0,New York,open-meteo
2023-11-03,0.4,13.2,0.0,New York,open-meteo
2023-11-04,3.7,15.1,0.0,New York,open-meteo
2023-11-05,4.6,17.1,0.0,New York,open-meteo
2023-11-06,4.0,12.2,0.1,New York,open-meteo
2023-11-07,7.6,20.4,5.7,New York,open-meteo
2023-11-08,4.9,14.8,0.0,New York,open-meteo
2023-11-09,2.8,15.4,0.4,New York,open-meteo
2023-11-10,6.1,10.9,0.3,New York,open-meteo
2023-11-11,4.1,12.3,0.0,New York,open-meteo
2023-11-12,-0.1,7.2,0.0,New York,open-meteo
2023-11-13,-2.0,9.0,0.0,New York,open-meteo
2023-11-14,1.9,11.3,0.0,New York,open-meteo
2023-11-15,-1.0,10.9,0.0,New York,open-meteo
2023-11-16,2.0,17.9,0.0,New York,open-meteo
2023-11-17,4.4,19.6,0.0,New York,open-meteo
2023-11-18,6.3,14.8,1.2,New York,open-meteo
2023-11-19,1.2,12.5,0.0,New York,open-meteo
2023-11-20,-0.8,7.2,0.0,New York,open-meteo
2023-11-21,-1.2,8.2,2.1,New York,open-meteo
2023-11-22,6.8,14.5,30.5,New York,open-meteo
2023-11-23,5.3,11.3,0.0,New York,open-meteo
2023-11-24,2.4,9.9,0.0,New York,open-meteo
2023-11-25,-3.0,4.3,0.0,New York,open-meteo
2023-11-26,-2.5,10.3,1.0,New York,open-meteo
2023-11-27,4.4,12.9,8.9,New York,open-meteo
2023-11-28,-1.7,4.3,0.1,New York,open-meteo
2023-11-29,-4.3,2.7,0.0,New York,open-meteo
2023-11-30,-2.5,9.7,0.0,New York,open-meteo
2023-12-01,-0.1,7.9,1.6,New York,open-meteo
2023-12-02,4.5,16.3,3.8,New York,open-meteo
2023-12-03,5.8,10.2,15.6,New York,open-meteo
2023-12-04,5.0,11.0,0.6,New York,open-meteo
2023-12-05,1.6,6.7,0.0,New York,open-meteo
2023-12-06,-2.1,5.1,0.1,New York,open-meteo
2023-12-07,-3.2,3.6,0.0,New York,open-meteo
2023-12-08,-1.9,9.2,0.0,New York,open-meteo
2023-12-09,1.2,13.6,0.0,New York,open-meteo
2023-12-10,5.1,17.1,16.3,New York,open-meteo
2023-12-11,3.8,15.5,38.7,New York,open-meteo
2023-12-12,-2.2,6.3,0.0,New York,open-meteo
2023-12-13,0.1,7.6,0.0,New York,open-meteo
2023-12-14,-3.1,4.7,0.0,New York,open-meteo
2023-12-15,-0.5,12.6,0.0,New York,open-meteo
2023-12-16,3.0,11.6,0.0,New York,open-meteo
2023-12-17,4.7,12.3,10.8,New York,open-meteo
2023-12-18,8.3,15.7,84.9,New York,open-meteo
2023-12-19,1.5,7.5,0.0,New York,open-meteo
2023-12-20,-3.6,7.7,0.0,New York,open-meteo
2023-12-21,-0.8,4.5,0.0,New York,open-meteo
2023-12-22,-5.5,2.8,0.0,New York,open-meteo
2023-12-23,-3.3,6.1,0.0,New York,open-meteo
2023-12-24,0.9,8.8,0.5,New York,open-meteo
2023-12-25,1.4,11.7,0.0,New York,open-meteo
2023-12-26,3.1,7.8,0.0,New York,open-meteo
2023-12-27,4.9,9.1,2.9,New York,open-meteo
2023-12-28,7.7,11.8,40.6,New York,open-meteo
2023-12-29,7.7,13.5,2.2,New York,open-meteo
2023-12-30,1.4,8.9,0.0,New York,open-meteo
2023-12-31,-1.9,6.6,0.1,New York,open-meteo
2024-01-01,0.3,7.7,0.0,New York,open-meteo
2024-01-02,-4.5,5.8,0.0,New York,open-meteo
2024-01-03,-2.2,7.8,0.0,New York,open-meteo
2024-01-04,-0.6,6.9,0.0,New York,open-meteo
2024-01-05,-5.3,3.2,0.0,New York,open-meteo
2024-01-06,-5.1,2.8,3.7,New York,open-meteo
2024-01-07,0.8,2.6,14.6,New York,open-meteo
2024-01-08,-0.9,6.4,0.0,New York,open-meteo
2024-01-09,-4.5,9.6,9.8,New York,open-meteo
2024-01-10,6.3,13.9,49.9,New York,open-meteo
2024-01-11,0.1,8.2,0.0,New York,open-meteo
2024-01-12,-1.9,8.2,0.0,New York,open-meteo
2024-01-13,4.3,14.7,23.7,New York,open-meteo
2024-01-14,-2.0,6.4,0.5,New York,open-meteo
2024-01-15,-5.8,-0.7,0.0,New York,open-meteo
2024-01-16,-4.0,-0.8,10.3,New York,open-meteo
2024-01-17,-8.9,-2.0,0.0,New York,open-meteo
2024-01-18,-6.7,0.5,0.3,New York,open-meteo
2024-01-19,-3.0,-0.8,2.7,New York,open-meteo
2024-01-20,-8.1,-3.3,0.0,New York,open-meteo
2024-01-21,-7.4,-1.1,0.0,New York,open-meteo
2024-01-22,-6.9,3.7,0.0,New York,open-meteo
2024-01-23,-2.4,4.6,1.7,New York,open-meteo
2024-01-24,-0.5,5.6,2.4,New York,open-meteo
2024-01-25,3.8,11.4,6.3,New York,open-meteo
2024-01-26,5.5,8.4,4.7,New York,open-meteo
2024-01-27,2.8,8.6,0.0,New York,open-meteo
2024-01-28,2.7,6.3,20.8,New York,open-meteo
2024-01-29,2.0,5.9,1.2,New York,open-meteo
2024-01-30,-3.9,4.4,0.0,New York,open-meteo
2024-01-31,1.1,4.5,0.2,New York,open-meteo
2024-02-01,-3.3,9.1,0.0,New York,open-meteo
2024-02-02,3.4,6.1,6.9,New York,open-meteo
2024-02-03,-3.1,6.1,0.0,New York,open-meteo
2024-02-04,-3.7,7.6,0.0,New York,open-meteo
2024-02-05,-3.2,7.1,0.0,New York,open-meteo
2024-02-06,-4.8,5.7,0.0,New York,open-meteo
2024-02-07,-3.6,8.2,0.0,New York,open-meteo
2024-02-08,-3.7,10.1,0.0,New York,open-meteo
2024-02-09,1.0,11.4,0.0,New York,open-meteo
2024-02-10,1.9,15.9,0.0,New York,open-meteo
2024-02-11,3.7,10.5,0.1,New York,open-meteo
2024-02-12,-1.7,9.2,0.0,New York,open-meteo
2024-02-13,-0.7,5.2,27.8,New York,open-meteo
2024-02-14,-4.2,0.9,0.0,New York,open-meteo
2024-02-15,-5.3,2.9,0.0,New York,open-meteo
2024-02-16,-1.9,5.1,0.2,New York,open-meteo
2024-02-17,-2.0,2.3,5.9,New York,open-meteo
2024-02-18,-6.2,5.0,0.0,New York,open-meteo
2024-02-19,-4.0,4.2,0.0,New York,open-meteo
2024-02-20,-6.4,2.4,0.0,New York,open-meteo
2024-02-21,-5.5,4.6,0.0,New York,open-meteo
2024-02-22,-5.0,6.9,0.0,New York,open-meteo
2024-02-23,1.4,8.3,3.4,New York,open-meteo
2024-02-24,0.8,5.6,0.0,New York,open-meteo
2024-02-25,-7.3,4.1,0.0,New York,open-meteo
2024-02-26,-2.1,11.5,2.9,New York,open-meteo
2024-02-27,0.0,14.0,0.0,New York,open-meteo
2024-02-28,9.8,17.2,15.5,New York,open-meteo
2024-02-29,-2.7,15.1,4.1,New York,open-meteo
2024-03-01,-4.3,6.0,0.0,New York,open-meteo
2024-03-02,1.9,10.2,27.1,New York,open-meteo
2024-03-03,6.0,18.8,1.0,New York,open-meteo
2024-03-04,3.8,14.4,0.0,New York,open-meteo
2024-03-05,4.0,8.5,20.3,New York,open-meteo
2024-03-06,3.7,9.9,14.6,New York,open-meteo
2024-03-07,7.6,12.7,22.1,New York,open-meteo
2024-03-08,0.9,12.5,0.0,New York,open-meteo
2024-03-09,3.8,6.3,6.2,New York,open-meteo
2024-03-10,5.8,10.9,43.4,New York,open-meteo
2024-03-11,1.1,10.2,0.0,New York,open-meteo
2024-03-12,2.6,17.6,0.0,New York,open-meteo
2024-03-13,2.5,15.5,0.0,New York,open-meteo
2024-03-14,4.1,21.3,0.0,New York,open-meteo
2024-03-15,9.4,21.7,0.8,New York,open-meteo
2024-03-16,4.9,14.4,0.1,New York,open-meteo
2024-03-17,7.3,15.9,0.4,New York,open-meteo
2024-03-18,4.3,9.6,0.0,New York,open-meteo
2024-03-19,0.3,7.6,0.0,New York,open-meteo
2024-03-20,1.2,12.0,3.3,New York,open-meteo
2024-03-21,-3.6,6.6,0.0,New York,open-meteo
2024-03-22,-5.1,5.7,0.0,New York,open-meteo
2024-03-23,3.1,10.1,63.6,New York,open-meteo
2024-03-24,-2.3,8.7,0.0,New York,open-meteo
2024-03-25,-1.4,10.3,0.0,New York,open-meteo
2024-03-26,0.2,10.0,0.0,New York,open-meteo
2024-03-27,4.9,11.0,0.6,New York,open-meteo
2024-03-28,7.3,10.8,19.5,New York,open-meteo
2024-03-29,4.0,12.7,2.4,New York,open-meteo
2024-03-30,2.5,14.7,0.0,New York,open-meteo
2024-03-31,4.6,16.3,0.3,New York,open-meteo
2024-04-01,5.6,12.7,3.3,New York,open-meteo
2024-04-02,6.3,9.9,18.0,New York,open-meteo
2024-04-03,5.1,6.9,22.8,New York,open-meteo
2024-04-04,3.1,9.3,12.3,New York,open-meteo
2024-04-05,1.7,9.6,0.6,New York,open-meteo
2024-04-06,3.2,11.6,0.2,New York,open-meteo
2024-04-07,1.6,14.4,0.1,New York,open-meteo
2024-04-08,0.9,18.1,0.9,New York,open-meteo
2024-04-09,5.0,24.1,0.1,New York,open-meteo
2024-04-10,8.3,16.0,0.6,New York,open-meteo
2024-04-11,9.4,17.2,4.2,New York,open-meteo
2024-04-12,13.2,19.7,17.2,New York,open-meteo
2024-04-13,7.8,14.0,2.0,New York,open-meteo
2024-04-14,6.0,22.3,0.8,New York,open-meteo
2024-04-15,10.5,24.8,0.1,New York,open-meteo
2024-04-16,7.0,20.6,0.0,New York,open-meteo
2024-04-17,7.5,17.8,1.2,New York,open-meteo
2024-04-18,8.4,10.2,8.0,New York,open-meteo
2024-04-19,4.1,13.3,0.0,New York,open-meteo
2024-04-20,8.5,20.2,2.3,New York,open-meteo
2024-04-21,2.2,13.9,0.0,New York,open-meteo
2024-04-22,2.2,15.1,0.0,New York,open-meteo
2024-04-23,2.2,14.9,0.0,New York,open-meteo
2024-04-24,8.7,21.5,1.6,New York,open-meteo
2024-04-25,3.3,13.4,0.0,New York,open-meteo
2024-04-26,1.8,14.6,0.0,New York,open-meteo
2024-04-27,3.1,14.6,0.0,New York,open-meteo
2024-04-28,8.9,22.9,0.3,New York,open-meteo
2024-04-29,13.9,28.4,4.0,New York,open-meteo
2024-04-30,11.7,23.0,0.0,New York,open-meteo
2024-05-01,10.6,24.8,3.7,New York,open-meteo
2024-05-02,10.3,27.9,0.0,New York,open-meteo
2024-05-03,10.7,22.4,0.0,New York,open-meteo
2024-05-04,7.9,16.6,0.0,New York,open-meteo
2024-05-05,9.2,12.1,5.9,New York,open-meteo
2024-05-06,11.7,22.7,3.5,New York,open-meteo
2024-05-07,12.3,26.2,0.0,New York,open-meteo
2024-05-08,16.0,30.9,0.0,New York,open-meteo
2024-05-09,14.4,25.3,0.0,New York,open-meteo
2024-05-10,9.5,17.1,11.5,New York,open-meteo
2024-05-11,6.6,16.6,1.4,New York,open-meteo
2024-05-12,9.4,13.5,7.6,New York,open-meteo
2024-05-13,5.9,20.1,0.0,New York,open-meteo
2024-05-14,9.5,22.6,0.7,New York,open-meteo
2024-05-15,13.6,19.8,8.6,New York,open-meteo
2024-05-16,14.8,19.1,5.1,New York,open-meteo
2024-05-17,12.2,22.7,0.4,New York,open-meteo
2024-05-18,13.3,22.9,1.2,New York,open-meteo
2024-05-19,13.0,23.4,1.2,New York,open-meteo
2024-05-20,10.8,23.9,0.0,New York,open-meteo
2024-05-21,12.4,27.2,0.0,New York,open-meteo
2024-05-22,15.8,28.6,0.0,New York,open-meteo
2024-05-23,19.0,27.2,3.0,New York,open-meteo
2024-05-24,15.9,29.4,0.0,New York,open-meteo
2024-05-25,14.0,26.1,0.0,New York,open-meteo
2024-05-26,15.8,26.1,0.2,New York,open-meteo
2024-05-27,17.2,22.6,13.4,New York,open-meteo
2024-05-28,18.6,27.2,21.2,New York,open-meteo
2024-05-29,14.1,25.2,0.8,New York,open-meteo
2024-05-30,14.0,21.8,13.8,New York,open-meteo
2024-05-31,13.3,25.1,0.0,New York,open-meteo
2024-06-01,13.2,28.2,0.0,New York,open-meteo
2024-06-02,14.3,27.4,0.0,New York,open-meteo
2024-06-03,17.6,30.1,0.2,New York,open-meteo
2024-06-04,16.6,25.7,0.0,New York,open-meteo
2024-06-05,14.8,26.3,0.2,New York,open-meteo
2024-06-06,19.5,27.8,46.9,New York,open-meteo
2024-06-07,17.6,28.6,0.5,New York,open-meteo
2024-06-08,15.5,25.4,0.0,New York,open-meteo
2024-06-09,14.6,25.5,0.1,New York,open-meteo
2024-06-10,14.7,24.5,0.0,New York,open-meteo
2024-06-11,14.0,23.4,1.1,New York,open-meteo
2024-06-12,14.6,25.9,0.0,New York,open-meteo
2024-06-13,14.0,29.1,0.0,New York,open-meteo
2024-06-14,19.5,29.7,14.9,New York,open-meteo
2024-06-15,17.2,27.5,4.0,New York,open-meteo
2024-06-16,14.6,24.1,0.0,New York,open-meteo
2024-06-17,16.2,29.6,0.0,New York,open-meteo
2024-06-18,20.6,30.0,0.0,New York,open-meteo
2024-06-19,19.9,31.2,0.0,New York,open-meteo
2024-06-20,19.9,33.5,0.0,New York,open-meteo
2024-06-21,22.8,35.6,0.0,New York,open-meteo
2024-06-22,22.4,34.7,3.2,New York,open-meteo
2024-06-23,22.7,36.4,1.9,New York,open-meteo
2024-06-24,24.4,32.5,0.0,New York,open-meteo
2024-06-25,20.2,33.9,0.0,New York,open-meteo
2024-06-26,23.3,35.9,0.0,New York,open-meteo
2024-06-27,22.0,30.5,10.7,New York,open-meteo
2024-06-28,15.5,26.8,0.0,New York,open-meteo
2024-06-29,17.9,27.0,0.6,New York,open-meteo
2024-06-30,23.4,33.5,15.3,New York,open-meteo
2024-07-01,16.6,27.0,6.7,New York,open-meteo
2024-07-02,16.5,28.8,0.0,New York,open-meteo
2024-07-03,17.3,28.2,0.0,New York,open-meteo
2024-07-04,19.5,30.6,0.1,New York,open-meteo
2024-07-05,22.2,32.3,3.4,New York,open-meteo
2024-07-06,23.0,33.3,3.2,New York,open-meteo
2024-07-07,23.9,32.7,1.6,New York,open-meteo
2024-07-08,23.4,33.1,0.0,New York,open-meteo
2024-07-09,22.5,31.1,0.2,New York,open-meteo
2024-07-10,24.8,32.2,0.3,New York,open-meteo
2024-07-11,24.5,34.6,5.6,New York,open-meteo
2024-07-12,21.9,29.6,4.9,New York,open-meteo
2024-07-13,21.7,30.9,28.6,New York,open-meteo
2024-07-14,22.0,31.5,1.2,New York,open-meteo
2024-07-15,23.2,35.3,0.1,New York,open-meteo
2024-07-16,22.8,35.3,0.9,New York,open-meteo
2024-07-17,24.5,32.2,20.5,New York,open-meteo
2024-07-18,21.5,31.0,13.9,New York,open-meteo
2024-07-19,18.1,29.0,0.0,New York,open-meteo
2024-07-20,17.9,28.9,2.1,New York,open-meteo
2024-07-21,19.8,31.5,0.1,New York,open-meteo
2024-07-22,21.2,28.5,1.3,New York,open-meteo
2024-07-23,21.2,29.7,6.5,New York,open-meteo
2024-07-24,22.0,29.6,0.6,New York,open-meteo
2024-07-25,20.8,30.8,8.2,New York,open-meteo
2024-07-26,18.3,29.5,0.0,New York,open-meteo
2024-07-27,17.8,30.1,0.0,New York,open-meteo
2024-07-28,18.2,31.6,0.0,New York,open-meteo
2024-07-29,21.7,29.6,4.0,New York,open-meteo
2024-07-30,21.5,32.2,0.0,New York,open-meteo
2024-07-31,23.3,32.1,9.8,New York,open-meteo
2024-08-01,20.6,35.0,0.2,New York,open-meteo
2024-08-02,23.8,33.1,9.9,New York,open-meteo
2024-08-03,23.6,33.2,11.7,New York,open-meteo
2024-08-04,23.2,28.4,15.2,New York,open-meteo
2024-08-05,20.5,32.1,0.0,New York,open-meteo
2024-08-06,22.9,32.7,26.7,New York,open-meteo
2024-08-07,19.9,24.0,21.4,New York,open-meteo
2024-08-08,18.3,23.5,17.5,New York,open-meteo
2024-08-09,20.7,28.6,24.8,New York,open-meteo
2024-08-10,21.9,29.6,1.5,New York,open-meteo
2024-08-11,19.2,27.6,0.0,New York,open-meteo
2024-08-12,16.5,26.5,0.0,New York,open-meteo
2024-08-13,16.6,27.2,0.0,New York,open-meteo
2024-08-14,17.7,28.6,0.0,New York,open-meteo
2024-08-15,17.3,30.4,0.1,New York,open-meteo
2024-08-16,18.5,30.5,0.0,New York,open-meteo
2024-08-17,20.9,26.6,0.4,New York,open-meteo
2024-08-18,21.7,25.8,23.0,New York,open-meteo
2024-08-19,20.4,28.6,38.2,New York,open-meteo
2024-08-20,17.0,23.0,0.3,New York,open-meteo
2024-08-21,13.1,22.8,0.0,New York,open-meteo
2024-08-22,12.7,24.7,0.0,New York,open-meteo
2024-08-23,13.5,27.6,0.0,New York,open-meteo
2024-08-24,14.9,30.0,0.0,New York,open-meteo
2024-08-25,16.5,30.3,0.2,New York,open-meteo
2024-08-26,18.3,30.0,0.9,New York,open-meteo
2024-08-27,17.9,30.0,0.0,New York,open-meteo
2024-08-28,21.6,34.3,0.0,New York,open-meteo
2024-08-29,20.3,30.4,4.2,New York,open-meteo
2024-08-30,18.4,24.0,4.3,New York,open-meteo
2024-08-31,17.9,25.9,0.9,New York,open-meteo
2024-09-01,21.0,29.2,4.8,New York,open-meteo
2024-09-02,18.9,26.3,0.0,New York,open-meteo
2024-09-03,12.4,23.1,0.0,New York,open-meteo
2024-09-04,12.4,25.2,0.0,New York,open-meteo
2024-09-05,12.8,25.7,0.0,New York,open-meteo
2024-09-06,14.7,26.6,0.1,New York,open-meteo
2024-09-07,17.7,24.6,3.1,New York,open-meteo
2024-09-08,11.5,21.9,0.0,New York,open-meteo
2024-09-09,10.6,25.1,0.0,New York,open-meteo
2024-09-10,13.8,26.2,0.0,New York,open-meteo
2024-09-11,12.1,25.6,0.0,New York,open-meteo
2024-09-12,14.9,26.4,0.0,New York,open-meteo
2024-09-13,14.0,27.5,0.0,New York,open-meteo
2024-09-14,15.0,29.7,0.0,New York,open-meteo
2024-09-15,17.0,28.2,0.0,New York,open-meteo
2024-09-16,13.2,25.8,0.0,New York,open-meteo
2024-09-17,14.9,27.3,0.0,New York,open-meteo
2024-09-18,18.0,23.9,0.0,New York,open-meteo
2024-09-19,16.4,29.8,0.0,New York,open-meteo
2024-09-20,17.5,27.8,0.0,New York,open-meteo
2024-09-21,15.5,27.2,0.0,New York,open-meteo
2024-09-22,13.7,25.4,0.0,New York,open-meteo
2024-09-23,13.3,21.2,0.1,New York,open-meteo
2024-09-24,14.0,20.3,0.0,New York,open-meteo
2024-09-25,16.1,20.8,1.1,New York,open-meteo
2024-09-26,17.2,23.4,4.4,New York,open-meteo
2024-09-27,19.1,22.4,0.4,New York,open-meteo
2024-09-28,17.0,20.1,12.4,New York,open-meteo
2024-09-29,16.1,18.7,3.0,New York,open-meteo
2024-09-30,14.4,23.0,0.0,New York,open-meteo
2024-10-01,14.8,22.3,0.0,New York,open-meteo
2024-10-02,13.1,20.8,0.0,New York,open-meteo
2024-10-03,15.3,22.4,0.1,New York,open-meteo
2024-10-04,12.4,23.5,0.0,New York,open-meteo
2024-10-05,15.6,24.1,0.6,New York,open-meteo
2024-10-06,10.1,21.9,0.0,New York,open-meteo
2024-10-07,16.0,23.7,5.5,New York,open-meteo
2024-10-08,10.5,21.0,0.0,New York,open-meteo
2024-10-09,9.3,20.3,0.0,New York,open-meteo
2024-10-10,7.8,18.1,0.1,New York,open-meteo
2024-10-11,6.5,21.2,0.0,New York,open-meteo
2024-10-12,14.1,23.2,0.0,New York,open-meteo
2024-10-13,9.8,23.7,0.0,New York,open-meteo
2024-10-14,10.7,20.8,0.0,New York,open-meteo
2024-10-15,5.5,14.8,0.2,New York,open-meteo
2024-10-16,5.5,15.6,0.0,New York,open-meteo
2024-10-17,3.7,15.3,0.0,New York,open-meteo
2024-10-18,6.9,19.6,0.0,New York,open-meteo
2024-10-19,7.1,21.7,0.0,New York,open-meteo
2024-10-20,5.9,24.7,0.0,New York,open-meteo
2024-10-21,7.8,27.9,0.0,New York,open-meteo
2024-10-22,12.8,27.8,0.0,New York,open-meteo
2024-10-23,11.0,25.4,0.0,New York,open-meteo
2024-10-24,14.6,20.8,0.6,New York,open-meteo
2024-10-25,6.5,18.2,0.0,New York,open-meteo
2024-10-26,9.7,18.4,0.0,New York,open-meteo
2024-10-27,4.9,14.9,0.0,New York,open-meteo
2024-10-28,3.0,16.3,0.0,New York,open-meteo
2024-10-29,6.1,17.6,1.0,New York,open-meteo
2024-10-30,11.1,26.0,0.1,New York,open-meteo
2024-10-31,12.1,28.3,0.0,New York,open-meteo
2024-11-01,19.3,26.7,0.3,New York,open-meteo
2024-11-02,9.4,18.1,0.0,New York,open-meteo
2024-11-03,3.8,13.3,0.0,New York,open-meteo
2024-11-04,3.5,14.4,0.0,New York,open-meteo
2024-11-05,8.8,22.6,0.0,New York,open-meteo
2024-11-06,16.5,27.0,0.0,New York,open-meteo
2024-11-07,15.4,23.1,0.0,New York,open-meteo
2024-11-08,6.8,20.7,0.0,New York,open-meteo
2024-11-09,4.6,16.2,0.0,New York,open-meteo
2024-11-10,2.4,14.5,0.0,New York,open-meteo
2024-11-11,12.6,21.1,4.0,New York,open-meteo
2024-11-12,8.0,15.5,0.0,New York,open-meteo
2024-11-13,1.5,9.2,0.0,New York,open-meteo
2024-11-14,1.4,7.9,0.0,New York,open-meteo
2024-11-15,3.1,14.8,0.0,New York,open-meteo
2024-11-16,6.3,16.5,0.0,New York,open-meteo
2024-11-17,6.6,18.1,0.0,New York,open-meteo
2024-11-18,7.7,18.0,0.0,New York,open-meteo
2024-11-19,6.0,14.8,0.0,New York,open-meteo
2024-11-20,7.3,16.0,0.0,New York,open-meteo
2024-11-21,7.9,12.6,32.7,New York,open-meteo
2024-11-22,2.8,6.7,21.4,New York,open-meteo
2024-11-23,2.2,8.9,4.5,New York,open-meteo
2024-11-24,5.6,11.0,0.0,New York,open-meteo
2024-11-25,2.3,10.9,0.0,New York,open-meteo
2024-11-26,7.3,14.9,3.7,New York,open-meteo
2024-11-27,2.4,10.4,0.0,New York,open-meteo
2024-11-28,5.0,11.8,13.1,New York,open-meteo
2024-11-29,1.2,7.9,0.2,New York,open-meteo
2024-11-30,-2.1,3.6,0.0,New York,open-meteo
2024-12-01,-3.6,2.8,0.0,New York,open-meteo
2024-12-02,-3.1,4.0,0.0,New York,open-meteo
2024-12-03,-2.2,5.2,0.0,New York,open-meteo
2024-12-04,-3.2,2.8,0.0,New York,open-meteo
2024-12-05,1.3,4.7,3.6,New York,open-meteo
2024-12-06,-2.0,0.6,0.0,New York,open-meteo
2024-12-07,-2.6,4.7,0.0,New York,open-meteo
2024-12-08,1.5,11.4,0.0,New York,open-meteo
2024-12-09,1.1,10.5,7.4,New York,open-meteo
2024-12-10,5.8,10.7,0.0,New York,open-meteo
2024-12-11,9.8,16.2,27.8,New York,open-meteo
2024-12-12,-0.7,14.4,8.7,New York,open-meteo
2024-12-13,-3.9,0.3,0.0,New York,open-meteo
2024-12-14,-5.5,0.7,0.0,New York,open-meteo
2024-12-15,-4.9,3.1,0.0,New York,open-meteo
2024-12-16,0.8,9.6,15.5,New York,open-meteo
2024-12-17,8.6,14.8,4.7,New York,open-meteo
2024-12-18,1.5,10.0,0.1,New York,open-meteo
2024-12-19,2.9,8.8,5.0,New York,open-meteo
2024-12-20,-0.7,2.6,1.2,New York,open-meteo
2024-12-21,-4.7,1.3,4.6,New York,open-meteo
2024-12-22,-10.7,-5.3,0.0,New York,open-meteo
2024-12-23,-14.8,-5.9,0.0,New York,open-meteo
2024-12-24,-8.1,1.5,1.9,New York,open-meteo
2024-12-25,-6.2,1.5,0.0,New York,open-meteo
2024-12-26,-8.1,-0.2,0.0,New York,open-meteo
2024-12-27,-9.3,2.1,0.0,New York,open-meteo
2024-12-28,-0.6,7.3,5.4,New York,open-meteo
2024-12-29,4.5,16.2,2.9,New York,open-meteo
2024-12-30,9.0,13.1,5.8,New York,open-meteo
2024-12-31,1.5,9.8,0.0,New York,open-meteo
2025-01-01,5.0,11.0,10.4,New York,open-meteo
2025-01-02,0.4,5.5,0.0,New York,open-meteo
2025-01-03,-1.8,3.3,0.0,New York,open-meteo
2025-01-04,-2.4,1.0,0.0,New York,open-meteo
2025-01-05,-3.5,0.4,0.0,New York,open-meteo
2025-01-06,-2.7,-1.5,1.7,New York,open-meteo
2025-01-07,-8.6,-2.7,0.0,New York,open-meteo
2025-01-08,-6.1,-2.4,0.0,New York,open-meteo
2025-01-09,-6.7,-1.4,0.0,New York,open-meteo
2025-01-10,-3.8,3.4,0.0,New York,open-meteo
2025-01-11,-2.8,0.5,2.0,New York,open-meteo
2025-01-12,-1.9,4.9,0.0,New York,open-meteo
2025-01-13,-1.8,6.7,0.0,New York,open-meteo
2025-01-14,-3.6,1.3,0.0,New York,open-meteo
2025-01-15,-5.6,-1.0,0.0,New York,open-meteo
2025-01-16,-5.8,-0.5,0.2,New York,open-meteo
2025-01-17,-4.9,5.1,0.1,New York,open-meteo
2025-01-18,-0.8,6.6,2.1,New York,open-meteo
2025-01-19,-0.7,4.4,3.3,New York,open-meteo
2025-01-20,-10.0,-1.2,5.7,New York,open-meteo
2025-01-21,-15.7,-7.9,0.1,New York,open-meteo
2025-01-22,-16.6,-8.1,0.3,New York,open-meteo
2025-01-23,-13.0,-3.4,0.0,New York,open-meteo
2025-01-24,-10.6,-1.0,0.0,New York,open-meteo
2025-01-25,-12.9,-1.9,0.0,New York,open-meteo
2025-01-26,-5.5,4.2,0.0,New York,open-meteo
2025-01-27,-4.8,2.1,0.0,New York,open-meteo
2025-01-28,-2.5,4.5,0.0,New York,open-meteo
2025-01-29,-2.9,9.2,0.0,New York,open-meteo
2025-01-30,-6.2,3.0,0.0,New York,open-meteo
2025-01-31,-0.9,6.1,6.1,New York,open-meteo
2025-02-01,-4.2,6.3,6.6,New York,open-meteo
2025-02-02,-9.5,0.6,0.0,New York,open-meteo
2025-02-03,-3.0,6.2,1.5,New York,open-meteo
2025-02-04,0.7,6.2,0.3,New York,open-meteo
2025-02-05,-3.4,1.9,0.0,New York,open-meteo
2025-02-06,-1.8,4.5,8.5,New York,open-meteo
2025-02-07,-1.6,5.2,0.0,New York,open-meteo
2025-02-08,-4.3,1.2,0.0,New York,open-meteo
2025-02-09,-2.1,1.5,14.2,New York,open-meteo
2025-02-10,-4.9,0.6,0.0,New York,open-meteo
2025-02-11,-9.1,-0.1,0.1,New York,open-meteo
2025-02-12,-2.1,0.5,4.6,New York,open-meteo
2025-02-13,0.2,7.3,7.6,New York,open-meteo
2025-02-14,-2.4,4.7,0.0,New York,open-meteo
2025-02-15,-3.9,1.8,2.6,New York,open-meteo
2025-02-16,0.5,6.8,27.4,New York,open-meteo
2025-02-17,-3.4,7.5,0.0,New York,open-meteo
2025-02-18,-8.3,-1.5,0.0,New York,open-meteo
2025-02-19,-9.1,-1.0,0.0,New York,open-meteo
2025-02-20,-8.6,-1.0,0.4,New York,open-meteo
2025-02-21,-6.3,-0.2,0.5,New York,open-meteo
2025-02-22,-7.3,3.8,0.0,New York,open-meteo
2025-02-23,-1.7,8.0,0.0,New York,open-meteo
2025-02-24,-1.7,8.4,0.0,New York,open-meteo
2025-02-25,3.7,12.6,0.0,New York,open-meteo
2025-02-26,2.5,13.9,0.0,New York,open-meteo
2025-02-27,4.8,12.2,9.3,New York,open-meteo
2025-02-28,2.0,11.4,0.0,New York,open-meteo
2025-03-01,3.0,16.1,0.0,New York,open-meteo
2025-03-02,-7.2,1.9,0.0,New York,open-meteo
2025-03-03,-5.5,3.8,0.0,New York,open-meteo
2025-03-04,-1.9,13.0,0.0,New York,open-meteo
2025-03-05,5.8,12.7,9.7,New York,open-meteo
2025-03-06,6.6,12.3,32.4,New York,open-meteo
2025-03-07,-0.7,8.3,0.0,New York,open-meteo
2025-03-08,1.1,6.3,0.0,New York,open-meteo
2025-03-09,-2.2,10.5,0.0,New York,open-meteo
2025-03-10,3.8,17.2,0.0,New York,open-meteo
2025-03-11,2.9,16.2,0.0,New York,open-meteo
2025-03-12,3.2,11.4,0.0,New York,open-meteo
2025-03-13,2.1,10.5,0.0,New York,open-meteo
2025-03-14,0.9,13.0,0.0,New York,open-meteo
2025-03-15,3.7,9.3,0.1,New York,open-meteo
2025-03-16,7.1,15.4,0.4,New York,open-meteo
2025-03-17,7.9,16.0,39.1,New York,open-meteo
2025-03-18,0.8,14.2,0.0,New York,open-meteo
2025-03-19,2.9,14.3,0.0,New York,open-meteo
2025-03-20,5.6,10.2,0.0,New York,open-meteo
2025-03-21,2.6,9.4,18.7,New York,open-meteo
2025-03-22,2.6,16.5,0.0,New York,open-meteo
2025-03-23,-2.3,9.9,0.0,New York,open-meteo
2025-03-24,4.2,10.7,13.7,New York,open-meteo
2025-03-25,5.0,14.3,0.0,New York,open-meteo
2025-03-26,2.2,10.3,0.3,New York,open-meteo
2025-03-27,-0.4,10.0,0.0,New York,open-meteo
2025-03-28,4.7,15.8,0.0,New York,open-meteo
2025-03-29,10.3,26.4,6.8,New York,open-meteo
2025-03-30,5.8,14.0,1.8,New York,open-meteo
2025-03-31,8.1,24.1,21.1,New York,open-meteo
2025-04-01,4.6,17.6,25.0,New York,open-meteo
2025-04-02,0.3,8.6,0.0,New York,open-meteo
2025-04-03,5.6,22.4,1.5,New York,open-meteo
2025-04-04,12.9,21.8,7.2,New York,open-meteo
2025-04-05,8.8,15.2,1.4,New York,open-meteo
2025-04-06,6.1,15.6,3.2,New York,open-meteo
2025-04-07,4.5,11.2,8.5,New York,open-meteo
2025-04-08,2.3,6.8,0.0,New York,open-meteo
2025-04-09,-1.5,8.5,0.0,New York,open-meteo
2025-04-10,1.8,9.6,0.3,New York,open-meteo
2025-04-11,4.6,7.5,7.3,New York,open-meteo
2025-04-12,1.7,5.8,21.9,New York,open-meteo
2025-04-13,4.0,14.1,0.1,New York,open-meteo
2025-04-14,5.0,16.4,0.0,New York,open-meteo
2025-04-15,9.6,18.9,1.4,New York,open-meteo
2025-04-16,5.4,12.4,0.0,New York,open-meteo
2025-04-17,3.5,15.7,0.0,New York,open-meteo
2025-04-18,4.2,18.5,0.0,New York,open-meteo
2025-04-19,15.0,27.2,0.1,New York,open-meteo
2025-04-20,10.9,24.2,0.0,New York,open-meteo
2025-04-21,7.4,14.2,0.0,New York,open-meteo
2025-04-22,10.5,27.2,0.4,New York,open-meteo
2025-04-23,9.8,25.2,0.0,New York,open-meteo
2025-04-24,11.5,26.3,0.0,New York,open-meteo
2025-04-25,14.4,25.0,0.0,New York,open-meteo
2025-04-26,16.3,22.3,13.0,New York,open-meteo
2025-04-27,8.4,18.5,0.2,New York,open-meteo
2025-04-28,9.2,22.7,0.0,New York,open-meteo
2025-04-29,11.2,27.2,0.0,New York,open-meteo
2025-04-30,17.3,23.1,0.0,New York,open-meteo
2025-05-01,10.3,21.3,0.0,New York,open-meteo
2025-05-02,14.3,30.2,0.0,New York,open-meteo
2025-05-03,18.6,29.1,8.3,New York,open-meteo
2025-05-04,15.6,21.9,11.7,New York,open-meteo
2025-05-05,14.9,20.3,12.0,New York,open-meteo
2025-05-06,14.1,19.2,24.3,New York,open-meteo
2025-05-07,13.9,22.6,0.3,New York,open-meteo
2025-05-08,13.6,24.4,0.4,New York,open-meteo
2025-05-09,12.3,18.6,14.6,New York,open-meteo
2025-05-10,10.2,20.7,0.0,New York,open-meteo
2025-05-11,11.4,23.5,0.0,New York,open-meteo
2025-05-12,10.9,20.4,0.0,New York,open-meteo
2025-05-13,14.9,20.5,1.8,New York,open-meteo
2025-05-14,15.0,19.3,27.6,New York,open-meteo
2025-05-15,15.7,23.0,5.1,New York,open-meteo
2025-05-16,15.3,22.4,0.9,New York,open-meteo
2025-05-17,17.4,26.9,2.5,New York,open-meteo
2025-05-18,15.0,23.5,0.5,New York,open-meteo
2025-05-19,12.2,20.2,0.0,New York,open-meteo
2025-05-20,8.7,18.7,0.0,New York,open-meteo
2025-05-21,11.3,15.7,3.3,New York,open-meteo
2025-05-22,9.4,12.6,22.7,New York,open-meteo
2025-05-23,8.8,16.9,2.1,New York,open-meteo
2025-05-24,8.6,17.1,2.4,New York,open-meteo
2025-05-25,10.4,19.3,0.0,New York,open-meteo
2025-05-26,10.5,22.3,0.0,New York,open-meteo
2025-05-27,11.9,25.7,0.0,New York,open-meteo
2025-05-28,14.0,20.0,3.9,New York,open-meteo
2025-05-29,12.5,21.7,9.6,New York,open-meteo
2025-05-30,16.3,23.5,5.4,New York,open-meteo
2025-05-31,14.6,19.5,41.7,New York,open-meteo
2025-06-01,9.7,18.9,0.0,New York,open-meteo
2025-06-02,10.0,21.7,0.0,New York,open-meteo
2025-06-03,11.4,26.8,0.0,New York,open-meteo
2025-06-04,14.7,29.8,0.0,New York,open-meteo
2025-06-05,20.3,35.0,0.0,New York,open-meteo
2025-06-06,21.7,31.9,3.2,New York,open-meteo
2025-06-07,21.4,27.7,3.9,New York,open-meteo
2025-06-08,17.4,24.3,1.0,New York,open-meteo
2025-06-09,15.3,21.5,3.8,New York,open-meteo
2025-06-10,17.2,25.7,17.5,New York,open-meteo
2025-06-11,17.0,29.1,0.0,New York,open-meteo
2025-06-12,19.9,33.9,0.2,New York,open-meteo
2025-06-13,20.3,29.9,0.1,New York,open-meteo
2025-06-14,16.9,23.1,5.1,New York,open-meteo
2025-06-15,15.3,19.7,3.4,New York,open-meteo
2025-06-16,15.8,20.1,3.0,New York,open-meteo
2025-06-17,17.2,21.4,7.4,New York,open-meteo
2025-06-18,18.3,28.7,11.2,New York,open-meteo
2025-06-23,25.0,28.01,0.0,New York,openweather
